slug,etsy_title,price_usd,description,tags,digital_file,listing_images,zip_package,pages
dinosaur-adventures,Dinosaur Coloring Book Printable Kids — 50 Pages Instant Download PDF,4.99,"Dinosaur Adventures Printable Coloring Book — Instant Digital Download

50 roarsome dinosaur coloring pages for kids ages 4–8. T-Rex, Triceratops, Brachiosaurus, Stegosaurus, Velociraptor, and more — every favorite dinosaur your child has ever loved, ready to color.

WHAT YOU GET
• 1 high-resolution PDF coloring book
• 50 printable 8.5 x 11 inch pages
• Single-sided designs — no bleed-through from markers
• Bold, kid-friendly line art
• Instant digital download — no waiting, no shipping

PERFECT FOR
• Homeschool dinosaur unit studies
• Birthday party quiet-time activity
• Rainy day and screen-free afternoons
• Road trips and backseat entertainment
• Gifts for dino-obsessed kids ages 4–8

HOW IT WORKS
1. Purchase the listing.
2. Download the PDF immediately from your Etsy account.
3. Print as many copies as needed for personal or classroom use.
4. Color and enjoy!

PRINTING TIPS
Print on standard 8.5 x 11 paper. For best results, use the ""fit to page"" setting. Works beautifully on regular copy paper, cardstock, or photo paper.

IMPORTANT
This is a DIGITAL DOWNLOAD — no physical item will be shipped. For personal and classroom use only. Please do not resell, redistribute, or upload the files.

© 2026 PBI Creative Kids. All rights reserved.","dinosaur-coloring,printable-kids,dino-coloring-book,t-rex-pages,instant-download,kids-activity,homeschool-printable,screen-free-play,rainy-day-kids,coloring-pages-pdf,ages-4-8,birthday-activity,classroom-printable",individual-products/dinosaur-adventures/files/dinosaur-adventures-printable-coloring-book.pdf,individual-products/dinosaur-adventures/listing-images/dinosaur-adventures-etsy-cover.jpg;individual-products/dinosaur-adventures/listing-images/dinosaur-adventures-etsy-mockup.jpg;individual-products/dinosaur-adventures/listing-images/dinosaur-adventures-preview-contact-sheet.jpg,individual-zips/dinosaur-adventures-etsy-digital-download.zip,50
cute-puppies-kittens,Puppies Kittens Coloring Book Printable Kids — 50 Pages Instant Download,4.99,"Cute Puppies & Kittens Printable Coloring Book — Instant Digital Download

50 adorable puppy and kitten coloring pages for kids ages 4–8. Fluffy puppies, playful kittens, and irresistible pet scenes that animal-loving kids go absolutely wild for.

WHAT YOU GET
• 1 high-resolution PDF coloring book
• 50 printable 8.5 x 11 inch pages
• Single-sided designs — no bleed-through from markers
• Bold, kid-friendly line art
• Instant digital download — no waiting, no shipping

PERFECT FOR
• Screen-free quiet afternoons
• Rainy day activity at home
• Homeschool morning basket supplement
• Birthday gift for animal-loving kids
• Easter basket filler or stocking stuffer

HOW IT WORKS
1. Purchase the listing.
2. Download the PDF immediately from your Etsy account.
3. Print as many copies as needed for personal or classroom use.
4. Color and enjoy!

PRINTING TIPS
Print on standard 8.5 x 11 paper. Works beautifully on regular copy paper, cardstock, or photo paper. Use the ""fit to page"" setting for best results.

IMPORTANT
This is a DIGITAL DOWNLOAD — no physical item will be shipped. For personal and classroom use only. Please do not resell, redistribute, or upload the files.

© 2026 PBI Creative Kids. All rights reserved.","puppy-coloring-book,kitten-coloring-pages,pet-printable-kids,animal-coloring-pdf,instant-download,kids-activity,homeschool-printable,screen-free-play,rainy-day-kids,coloring-pages-pdf,ages-4-8,birthday-gift-girls,classroom-printable",individual-products/cute-puppies-kittens/files/cute-puppies-kittens-printable-coloring-book.pdf,individual-products/cute-puppies-kittens/listing-images/cute-puppies-kittens-etsy-cover.jpg;individual-products/cute-puppies-kittens/listing-images/cute-puppies-kittens-etsy-mockup.jpg;individual-products/cute-puppies-kittens/listing-images/cute-puppies-kittens-preview-contact-sheet.jpg,individual-zips/cute-puppies-kittens-etsy-digital-download.zip,50
abc-animal-alphabet,ABC Animal Alphabet Coloring Book Printable — 50 Pages Instant Download,4.99,"ABC Animal Alphabet Printable Coloring Book — Instant Digital Download

50 printable alphabet coloring pages for kids ages 4–8. Every letter paired with an adorable animal — A for Alligator through Z for Zebra. Combine letter recognition with creative art for the ultimate learning activity.

WHAT YOU GET
• 1 high-resolution PDF coloring book
• 50 printable 8.5 x 11 inch pages
• Single-sided designs — no bleed-through from markers
• Bold, kid-friendly line art
• Instant digital download — no waiting, no shipping

PERFECT FOR
• Homeschool morning baskets and literacy centers
• Preschool and kindergarten supplemental activity
• Screen-free quiet-time anchor
• Birthday gift for preschool-aged animal lovers
• Road trip and travel entertainment

HOW IT WORKS
1. Purchase the listing.
2. Download the PDF immediately from your Etsy account.
3. Print as many copies as needed for personal or classroom use.
4. Color and enjoy!

PRINTING TIPS
Print on standard 8.5 x 11 paper. Works beautifully on regular copy paper, cardstock, or photo paper. Use the ""fit to page"" setting for best results.

IMPORTANT
This is a DIGITAL DOWNLOAD — no physical item will be shipped. For personal and classroom use only. Please do not resell, redistribute, or upload the files.

© 2026 PBI Creative Kids. All rights reserved.","abc-coloring-book,alphabet-printable,animal-alphabet-pages,preschool-abc-activity,instant-download,kids-activity,homeschool-printable,literacy-center,screen-free-play,coloring-pages-pdf,ages-4-8,kindergarten-activity,classroom-printable",individual-products/abc-animal-alphabet/files/abc-animal-alphabet-printable-coloring-book.pdf,individual-products/abc-animal-alphabet/listing-images/abc-animal-alphabet-etsy-cover.jpg;individual-products/abc-animal-alphabet/listing-images/abc-animal-alphabet-etsy-mockup.jpg;individual-products/abc-animal-alphabet/listing-images/abc-animal-alphabet-preview-contact-sheet.jpg,individual-zips/abc-animal-alphabet-etsy-digital-download.zip,50
bugs-butterflies,Butterfly Bug Coloring Book Printable Kids — 50 Pages Instant Download,4.99,"Bugs & Butterflies Printable Coloring Book — Instant Digital Download

50 nature-inspired coloring pages for kids ages 4–8. Butterflies, bumblebees, beetles, dragonflies, ladybugs, and garden critters — a full garden of screen-free coloring fun.

WHAT YOU GET
• 1 high-resolution PDF coloring book
• 50 printable 8.5 x 11 inch pages
• Single-sided designs — no bleed-through from markers
• Bold, kid-friendly line art
• Instant digital download — no waiting, no shipping

PERFECT FOR
• Homeschool nature and insect unit studies
• Spring break and Earth Day activities
• Screen-free quiet afternoon activity
• Science enrichment supplement
• Birthday gift for nature-loving kids

HOW IT WORKS
1. Purchase the listing.
2. Download the PDF immediately from your Etsy account.
3. Print as many copies as needed for personal or classroom use.
4. Color and enjoy!

PRINTING TIPS
Print on standard 8.5 x 11 paper. Works beautifully on regular copy paper, cardstock, or photo paper. Use the ""fit to page"" setting for best results.

IMPORTANT
This is a DIGITAL DOWNLOAD — no physical item will be shipped. For personal and classroom use only. Please do not resell, redistribute, or upload the files.

© 2026 PBI Creative Kids. All rights reserved.","butterfly-coloring-pages,bug-printable-kids,nature-coloring-book,insect-activity-pdf,instant-download,kids-activity,homeschool-printable,screen-free-play,spring-activity-kids,coloring-pages-pdf,ages-4-8,earth-day-activity,nature-study-unit",individual-products/bugs-butterflies/files/bugs-butterflies-printable-coloring-book.pdf,individual-products/bugs-butterflies/listing-images/bugs-butterflies-etsy-cover.jpg;individual-products/bugs-butterflies/listing-images/bugs-butterflies-etsy-mockup.jpg;individual-products/bugs-butterflies/listing-images/bugs-butterflies-preview-contact-sheet.jpg,individual-zips/bugs-butterflies-etsy-digital-download.zip,50
cool-trucks-cars,Trucks Cars Coloring Book Printable Kids — 50 Pages Instant Download PDF,4.99,"Cool Trucks & Cars Printable Coloring Book — Instant Digital Download

50 vehicle coloring pages for kids ages 4–8. Monster trucks, race cars, dump trucks, fire trucks, police cars, school buses, and rescue vehicles — every truck and car a kid has ever loved.

WHAT YOU GET
• 1 high-resolution PDF coloring book
• 50 printable 8.5 x 11 inch pages
• Single-sided designs — no bleed-through from markers
• Bold, kid-friendly line art
• Instant digital download — no waiting, no shipping

PERFECT FOR
• Screen-free play for truck-obsessed kids
• Road trips and backseat entertainment
• Homeschool transportation unit studies
• Birthday gift for vehicle-loving kids
• Rainy day and quiet-time activity

HOW IT WORKS
1. Purchase the listing.
2. Download the PDF immediately from your Etsy account.
3. Print as many copies as needed for personal or classroom use.
4. Color and enjoy!

PRINTING TIPS
Print on standard 8.5 x 11 paper. Works beautifully on regular copy paper, cardstock, or photo paper. Use the ""fit to page"" setting for best results.

IMPORTANT
This is a DIGITAL DOWNLOAD — no physical item will be shipped. For personal and classroom use only. Please do not resell, redistribute, or upload the files.

© 2026 PBI Creative Kids. All rights reserved.","truck-coloring-book,car-coloring-pages,vehicle-printable-kids,monster-truck-activity,instant-download,kids-activity,homeschool-printable,screen-free-play,road-trip-activity,coloring-pages-pdf,ages-4-8,birthday-boys-gift,transportation-unit",individual-products/cool-trucks-cars/files/cool-trucks-cars-printable-coloring-book.pdf,individual-products/cool-trucks-cars/listing-images/cool-trucks-cars-etsy-cover.jpg;individual-products/cool-trucks-cars/listing-images/cool-trucks-cars-etsy-mockup.jpg;individual-products/cool-trucks-cars/listing-images/cool-trucks-cars-preview-contact-sheet.jpg,individual-zips/cool-trucks-cars-etsy-digital-download.zip,50
farm-animals,Farm Animals Coloring Book Printable Kids — 50 Pages Instant Download PDF,4.99,"Farm Animals Printable Coloring Book — Instant Digital Download

50 barnyard animal coloring pages for kids ages 4–8. Cows, pigs, horses, chickens, goats, sheep, ducks, and friendly barn cats — a complete barnyard of coloring adventures.

WHAT YOU GET
• 1 high-resolution PDF coloring book
• 50 printable 8.5 x 11 inch pages
• Single-sided designs — no bleed-through from markers
• Bold, kid-friendly line art
• Instant digital download — no waiting, no shipping

PERFECT FOR
• Homeschool farm and community helpers unit studies
• Spring break and Earth Day activities
• Screen-free quiet afternoon activity
• Birthday gift for farm animal lovers
• Classroom centers and morning work

HOW IT WORKS
1. Purchase the listing.
2. Download the PDF immediately from your Etsy account.
3. Print as many copies as needed for personal or classroom use.
4. Color and enjoy!

PRINTING TIPS
Print on standard 8.5 x 11 paper. Works beautifully on regular copy paper, cardstock, or photo paper. Use the ""fit to page"" setting for best results.

IMPORTANT
This is a DIGITAL DOWNLOAD — no physical item will be shipped. For personal and classroom use only. Please do not resell, redistribute, or upload the files.

© 2026 PBI Creative Kids. All rights reserved.","farm-coloring-book,barnyard-printable-kids,farm-animals-pages,animal-coloring-pdf,instant-download,kids-activity,homeschool-printable,screen-free-play,spring-activity-kids,coloring-pages-pdf,ages-4-8,community-helpers,farm-unit-study",individual-products/farm-animals/files/farm-animals-printable-coloring-book.pdf,individual-products/farm-animals/listing-images/farm-animals-etsy-cover.jpg;individual-products/farm-animals/listing-images/farm-animals-etsy-mockup.jpg;individual-products/farm-animals/listing-images/farm-animals-preview-contact-sheet.jpg,individual-zips/farm-animals-etsy-digital-download.zip,50
magical-unicorns,Unicorn Coloring Book Printable Girls Kids — 50 Pages Instant Download PDF,4.99,"Magical Unicorns Printable Coloring Book — Instant Digital Download

50 enchanted unicorn coloring pages for kids ages 4–8. Prancing unicorns, sparkling rainbows, magical castles, enchanted forests, and starry night skies — 50 pages of pure magical art.

WHAT YOU GET
• 1 high-resolution PDF coloring book
• 50 printable 8.5 x 11 inch pages
• Single-sided designs — no bleed-through from markers
• Bold, kid-friendly line art — perfect for glitter markers and pastel pencils
• Instant digital download — no waiting, no shipping

PERFECT FOR
• Unicorn-themed birthday party activity and favor
• Screen-free quiet-time anchor for unicorn lovers
• Homeschool morning basket supplement
• Birthday or holiday gift for girls ages 4–8
• Calm-down corner and wind-down activity

HOW IT WORKS
1. Purchase the listing.
2. Download the PDF immediately from your Etsy account.
3. Print as many copies as needed for personal or classroom use.
4. Color and enjoy!

PRINTING TIPS
Print on standard 8.5 x 11 paper. Works beautifully on regular copy paper, cardstock, or photo paper. Use the ""fit to page"" setting for best results.

IMPORTANT
This is a DIGITAL DOWNLOAD — no physical item will be shipped. For personal and classroom use only. Please do not resell, redistribute, or upload the files.

© 2026 PBI Creative Kids. All rights reserved.","unicorn-coloring-book,magical-printable-girls,unicorn-pages-kids,rainbow-coloring-pdf,instant-download,kids-activity,homeschool-printable,screen-free-play,unicorn-party-activity,coloring-pages-pdf,ages-4-8,birthday-gift-girls,quiet-time-activity",individual-products/magical-unicorns/files/magical-unicorns-printable-coloring-book.pdf,individual-products/magical-unicorns/listing-images/magical-unicorns-etsy-cover.jpg;individual-products/magical-unicorns/listing-images/magical-unicorns-etsy-mockup.jpg;individual-products/magical-unicorns/listing-images/magical-unicorns-preview-contact-sheet.jpg,individual-zips/magical-unicorns-etsy-digital-download.zip,50
princess-castle,Princess Castle Coloring Book Printable Girls — 50 Pages Instant Download,4.99,"Princess Castle Printable Coloring Book — Instant Digital Download

50 fairy-tale coloring pages for kids ages 4–8. Princesses, enchanted castles, fairy godmothers, royal gardens, dragons, and fairy-tale kingdoms — every royal scene a little princess has ever imagined.

WHAT YOU GET
• 1 high-resolution PDF coloring book
• 50 printable 8.5 x 11 inch pages
• Single-sided designs — no bleed-through from markers
• Elegant, kid-friendly line art — perfect for colored pencils and glitter markers
• Instant digital download — no waiting, no shipping

PERFECT FOR
• Princess-themed birthday party activity and take-home favor
• Screen-free fairy-tale quiet time
• Homeschool morning basket supplement
• Birthday or holiday gift for girls ages 4–8
• Calm-down corner and creative wind-down activity

HOW IT WORKS
1. Purchase the listing.
2. Download the PDF immediately from your Etsy account.
3. Print as many copies as needed for personal or classroom use.
4. Color and enjoy!

PRINTING TIPS
Print on standard 8.5 x 11 paper. Works beautifully on regular copy paper, cardstock, or photo paper. Use the ""fit to page"" setting for best results.

IMPORTANT
This is a DIGITAL DOWNLOAD — no physical item will be shipped. For personal and classroom use only. Please do not resell, redistribute, or upload the files.

© 2026 PBI Creative Kids. All rights reserved.","princess-coloring-book,castle-coloring-pages,fairy-tale-printable,princess-pages-kids,instant-download,kids-activity,homeschool-printable,screen-free-play,princess-party-activity,coloring-pages-pdf,ages-4-8,birthday-gift-girls,quiet-time-activity",individual-products/princess-castle/files/princess-castle-printable-coloring-book.pdf,individual-products/princess-castle/listing-images/princess-castle-etsy-cover.jpg;individual-products/princess-castle/listing-images/princess-castle-etsy-mockup.jpg;individual-products/princess-castle/listing-images/princess-castle-preview-contact-sheet.jpg,individual-zips/princess-castle-etsy-digital-download.zip,50
space-adventures,Space Coloring Book Printable Kids — 50 Pages Rockets Planets Instant Download,4.99,"Space Adventures Printable Coloring Book — Instant Digital Download

50 outer-space coloring pages for kids ages 4–8. Rockets, planets, astronauts, space stations, alien worlds, comets, and shooting stars — the full universe to explore, page by page.

WHAT YOU GET
• 1 high-resolution PDF coloring book
• 50 printable 8.5 x 11 inch pages
• Single-sided designs — no bleed-through from markers
• Bold, kid-friendly line art
• Instant digital download — no waiting, no shipping

PERFECT FOR
• Homeschool solar system and space unit studies
• Screen-free quiet-time activity for space fans
• Summer science enrichment
• Birthday gift for astronaut-obsessed kids
• Road trips and travel entertainment

HOW IT WORKS
1. Purchase the listing.
2. Download the PDF immediately from your Etsy account.
3. Print as many copies as needed for personal or classroom use.
4. Color and enjoy!

PRINTING TIPS
Print on standard 8.5 x 11 paper. Works beautifully on regular copy paper, cardstock, or photo paper. Use the ""fit to page"" setting for best results.

IMPORTANT
This is a DIGITAL DOWNLOAD — no physical item will be shipped. For personal and classroom use only. Please do not resell, redistribute, or upload the files.

© 2026 PBI Creative Kids. All rights reserved.","space-coloring-book,rocket-printable-kids,planet-coloring-pages,astronaut-activity-pdf,instant-download,kids-activity,homeschool-printable,screen-free-play,solar-system-unit,coloring-pages-pdf,ages-4-8,summer-activity-kids,space-unit-study",individual-products/space-adventures/files/space-adventures-printable-coloring-book.pdf,individual-products/space-adventures/listing-images/space-adventures-etsy-cover.jpg;individual-products/space-adventures/listing-images/space-adventures-etsy-mockup.jpg;individual-products/space-adventures/listing-images/space-adventures-preview-contact-sheet.jpg,individual-zips/space-adventures-etsy-digital-download.zip,50
under-the-sea,Ocean Sea Animals Coloring Book Printable Kids — 50 Pages Instant Download,4.99,"Under the Sea Printable Coloring Book — Instant Digital Download

50 ocean animal coloring pages for kids ages 4–8. Dolphins, octopuses, sea turtles, clownfish, sharks, whales, starfish, mermaids, and coral reef scenes — a full underwater world to explore and color.

WHAT YOU GET
• 1 high-resolution PDF coloring book
• 50 printable 8.5 x 11 inch pages
• Single-sided designs — no bleed-through from markers
• Bold, kid-friendly line art
• Instant digital download — no waiting, no shipping

PERFECT FOR
• Homeschool ocean and marine biology unit studies
• Beach vacation and summer travel entertainment
• Screen-free quiet-time activity for ocean lovers
• Birthday gift for little marine biologists
• Earth Day and ocean conservation enrichment

HOW IT WORKS
1. Purchase the listing.
2. Download the PDF immediately from your Etsy account.
3. Print as many copies as needed for personal or classroom use.
4. Color and enjoy!

PRINTING TIPS
Print on standard 8.5 x 11 paper. Works beautifully on regular copy paper, cardstock, or photo paper. Use the ""fit to page"" setting for best results.

IMPORTANT
This is a DIGITAL DOWNLOAD — no physical item will be shipped. For personal and classroom use only. Please do not resell, redistribute, or upload the files.

© 2026 PBI Creative Kids. All rights reserved.","ocean-coloring-book,sea-animals-printable,underwater-coloring-pages,mermaid-activity-pdf,instant-download,kids-activity,homeschool-printable,screen-free-play,beach-vacation-kids,coloring-pages-pdf,ages-4-8,marine-biology-unit,ocean-unit-study",individual-products/under-the-sea/files/under-the-sea-printable-coloring-book.pdf,individual-products/under-the-sea/listing-images/under-the-sea-etsy-cover.jpg;individual-products/under-the-sea/listing-images/under-the-sea-etsy-mockup.jpg;individual-products/under-the-sea/listing-images/under-the-sea-preview-contact-sheet.jpg,individual-zips/under-the-sea-etsy-digital-download.zip,50
